{"thickness": 0.004162495017051697, "length": 0.006454188346862793, "gap": 0.006270825766026974}